Ratio,Source,Firm-year observations,Share (%)
ROA,missing,114519,70.09450476808384
ROA,main,36286,22.209844654727075
ROA,reach,12573,7.695650577189095
Leverage,missing,101226,61.95815838117739
Leverage,main,36805,22.52751288423166
Leverage,reach,25347,15.514328734590949
Current ratio,missing,103370,63.27045257011348
Current ratio,main,35445,21.69508746587668
Current ratio,reach,24563,15.034459964009843
Equity ratio,missing,101297,62.00161588463563
Equity ratio,main,35880,21.961341184247573
Equity ratio,reach,26201,16.037042931116797
